insert into driver_info
(driver_id,driver_name,driver_contaction)
values ('D001','张瑞','13333333333'),('D002','徐宏云','13333333334'),('D003','吴风江','13333333335'),('D004','SAD','13333322222');

insert into bus_info
(bus_id,bus_num,driver_id)
values ('B88701','887','D001'),('B20301','203','D002'),('B70501','705','D003'),('B20302','203','D004');

insert into spot_info
(terminal_id,spot_name)
values ('T88701','十陵公交站'),('T88702','平安小区站'),('T88703','现代新居b区站'),('T88704','现代新居e区站'),('T88705','十陵公立卫生院'),('T88706','华川小区站'),('T88707','久贸市场站'),('T88708','灵龙路口站'),('T88709','十陵中学站'),('T88710','月香广场站');

insert into spot_info
(terminal_id,spot_name)
values ('T20301','大源公交站'),('T20302','天府三街南华路'),('T20303','铜牌村路'),('T20304','剑南大道天府三'),('T20305','剑南大道天府二'),('T20306','盛邦街剑南大道'),('T20307','盛邦街中站'),('T20308','益州大道盛邦街'),('T20309','天府二街益州大'),('T20310','天府二街吉泰路'),('T20311','天府大道中段中');

insert into spot_info
(terminal_id,spot_name)
values ('T70501','清江中心站'),('T70502','清江三街站'),('T70503','中信大道郫花路'),('T70504','梨园路观柏路口'),('T70505','梨园路二环路口'),('T70506','西外街站'),('T70507','西大街站'),('T70508','东大街站'),('T70509','三九八厂站'),('T70510','时代花城站');

insert into immediate_bus_location
(relationship_id,bus_id,terminal_id,sequence_position,is_arrive)
values ('1','B20301','T20301','1','0'),('2','B20301','T20302','2','0'),('3','B20301','T20303','3','0'),('4','B20301','T20304','4','0'),('5','B20301','T20305','5','0'),('6','B20301','T20306','6','0'),('7','B20301','T20307','7','0'),('8','B20301','T20308','8','0'),('9','B20301','T20309','9','0'),('10','B20301','T20310','10','0'),('11','B20301','T20311','11','0'),
('12','B88701','T88701','1','0'),('13','B88701','T88702','2','0'),('14','B88701','T88703','3','0'),('15','B88701','T88704','4','0'),('16','B88701','T88705','5','0'),('17','B88701','T88706','6','0'),('18','B88701','T88707','7','0'),('19','B88701','T88708','8','0'),('20','B88701','T88709','9','0'),('21','B88701','T88710','10','0'),
('22','B70501','T70501','1','0'),('23','B70501','T70502','2','0'),('24','B70501','T70503','3','0'),('25','B70501','T70504','4','0'),('26','B70501','T70505','5','0'),('27','B70501','T70506','6','0'),('28','B70501','T70507','7','0'),('29','B70501','T70508','8','0'),('30','B70501','T70509','9','0'),('31','B70501','T70510','10','0');


insert into immediate_bus_location
(bus_id,terminal_id,sequence_position,is_arrive)
values ('B20302','T20301','1','0'),('B20302','T20302','2','0'),('B20302','T20303','3','0'),('B20302','T20304','4','0'),('B20302','T20305','5','0'),('B20302','T20306','6','0'),('B20302','T20307','7','0'),('B20302','T20308','8','0'),('B20302','T20309','9','0'),('B20302','T20310','10','0'),('B20302','T20311','11','0');










